Workbook

Sheet Live
A1: SVE vs biopile · live results board
A2: Rows come from the Entries tab; this tab recalculates as groups type. Paper: Jeong & Suh (2011), Table 5: 360 t (SVE) and 52.1 t (biopile) CO2.
A4: Summary
B5: entries | C5: min | D5: median | E5: max | F5: mean | G5: paper (t CO2)
A6: SVE | B6: =COUNTIF(Entries!$B$2:$B$500,"SVE") | C6: =IFERROR(MINIFS(Entries!$D$2:$D$500,Entries!$B$2:$B$500,"SVE"),"") | D6: =IFERROR(MEDIAN(FILTER(Entries!$D$2:$D$500,Entries!$B$2:$B$500="SVE")),"") | E6: =IFERROR(MAXIFS(Entries!$D$2:$D$500,Entries!$B$2:$B$500,"SVE"),"") | F6: =IFERROR(AVERAGEIF(Entries!$B$2:$B$500,"SVE",Entries!$D$2:$D$500),"") | G6: 360
A7: Biopile | B7: =COUNTIF(Entries!$B$2:$B$500,"Biopile") | C7: =IFERROR(MINIFS(Entries!$D$2:$D$500,Entries!$B$2:$B$500,"Biopile"),"") | D7: =IFERROR(MEDIAN(FILTER(Entries!$D$2:$D$500,Entries!$B$2:$B$500="Biopile")),"") | E7: =IFERROR(MAXIFS(Entries!$D$2:$D$500,Entries!$B$2:$B$500,"Biopile"),"") | F7: =IFERROR(AVERAGEIF(Entries!$B$2:$B$500,"Biopile",Entries!$D$2:$D$500),"") | G7: 52.1
A8: SVE / Biopile (medians) | D8: =IFERROR(D6/D7,"") | G8: =ROUND(360/52.1,1)
A9: Groups reporting | B9: =SUMPRODUCT((Entries!$A$2:$A$500<>"")/COUNTIF(Entries!$A$2:$A$500,Entries!$A$2:$A$500&""))
A11: By electricity provider
A12: Provider | B12: SVE mean (t) | C12: SVE n | D12: Biopile mean (t) | E12: Biopile n
A13: China average | B13: =IFERROR(AVERAGEIFS(Entries!$D$2:$D$500,Entries!$B$2:$B$500,"SVE",Entries!$C$2:$C$500,$A13),"") | C13: =COUNTIFS(Entries!$B$2:$B$500,"SVE",Entries!$C$2:$C$500,$A13) | D13: =IFERROR(AVERAGEIFS(Entries!$D$2:$D$500,Entries!$B$2:$B$500,"Biopile",Entries!$C$2:$C$500,$A13),"") | E13: =COUNTIFS(Entries!$B$2:$B$500,"Biopile",Entries!$C$2:$C$500,$A13)
A14: Anhui | B14: =IFERROR(AVERAGEIFS(Entries!$D$2:$D$500,Entries!$B$2:$B$500,"SVE",Entries!$C$2:$C$500,$A14),"") | C14: =COUNTIFS(Entries!$B$2:$B$500,"SVE",Entries!$C$2:$C$500,$A14) | D14: =IFERROR(AVERAGEIFS(Entries!$D$2:$D$500,Entries!$B$2:$B$500,"Biopile",Entries!$C$2:$C$500,$A14),"") | E14: =COUNTIFS(Entries!$B$2:$B$500,"Biopile",Entries!$C$2:$C$500,$A14)
A15: Beijing | B15: =IFERROR(AVERAGEIFS(Entries!$D$2:$D$500,Entries!$B$2:$B$500,"SVE",Entries!$C$2:$C$500,$A15),"") | C15: =COUNTIFS(Entries!$B$2:$B$500,"SVE",Entries!$C$2:$C$500,$A15) | D15: =IFERROR(AVERAGEIFS(Entries!$D$2:$D$500,Entries!$B$2:$B$500,"Biopile",Entries!$C$2:$C$500,$A15),"") | E15: =COUNTIFS(Entries!$B$2:$B$500,"Biopile",Entries!$C$2:$C$500,$A15)
A16: Chongqing | B16: =IFERROR(AVERAGEIFS(Entries!$D$2:$D$500,Entries!$B$2:$B$500,"SVE",Entries!$C$2:$C$500,$A16),"") | C16: =COUNTIFS(Entries!$B$2:$B$500,"SVE",Entries!$C$2:$C$500,$A16) | D16: =IFERROR(AVERAGEIFS(Entries!$D$2:$D$500,Entries!$B$2:$B$500,"Biopile",Entries!$C$2:$C$500,$A16),"") | E16: =COUNTIFS(Entries!$B$2:$B$500,"Biopile",Entries!$C$2:$C$500,$A16)
A17: Fujian | B17: =IFERROR(AVERAGEIFS(Entries!$D$2:$D$500,Entries!$B$2:$B$500,"SVE",Entries!$C$2:$C$500,$A17),"") | C17: =COUNTIFS(Entries!$B$2:$B$500,"SVE",Entries!$C$2:$C$500,$A17) | D17: =IFERROR(AVERAGEIFS(Entries!$D$2:$D$500,Entries!$B$2:$B$500,"Biopile",Entries!$C$2:$C$500,$A17),"") | E17: =COUNTIFS(Entries!$B$2:$B$500,"Biopile",Entries!$C$2:$C$500,$A17)
A18: Gansu | B18: =IFERROR(AVERAGEIFS(Entries!$D$2:$D$500,Entries!$B$2:$B$500,"SVE",Entries!$C$2:$C$500,$A18),"") | C18: =COUNTIFS(Entries!$B$2:$B$500,"SVE",Entries!$C$2:$C$500,$A18) | D18: =IFERROR(AVERAGEIFS(Entries!$D$2:$D$500,Entries!$B$2:$B$500,"Biopile",Entries!$C$2:$C$500,$A18),"") | E18: =COUNTIFS(Entries!$B$2:$B$500,"Biopile",Entries!$C$2:$C$500,$A18)
A19: Guangdong | B19: =IFERROR(AVERAGEIFS(Entries!$D$2:$D$500,Entries!$B$2:$B$500,"SVE",Entries!$C$2:$C$500,$A19),"") | C19: =COUNTIFS(Entries!$B$2:$B$500,"SVE",Entries!$C$2:$C$500,$A19) | D19: =IFERROR(AVERAGEIFS(Entries!$D$2:$D$500,Entries!$B$2:$B$500,"Biopile",Entries!$C$2:$C$500,$A19),"") | E19: =COUNTIFS(Entries!$B$2:$B$500,"Biopile",Entries!$C$2:$C$500,$A19)
A20: Guangxi | B20: =IFERROR(AVERAGEIFS(Entries!$D$2:$D$500,Entries!$B$2:$B$500,"SVE",Entries!$C$2:$C$500,$A20),"") | C20: =COUNTIFS(Entries!$B$2:$B$500,"SVE",Entries!$C$2:$C$500,$A20) | D20: =IFERROR(AVERAGEIFS(Entries!$D$2:$D$500,Entries!$B$2:$B$500,"Biopile",Entries!$C$2:$C$500,$A20),"") | E20: =COUNTIFS(Entries!$B$2:$B$500,"Biopile",Entries!$C$2:$C$500,$A20)
A21: Guizhou | B21: =IFERROR(AVERAGEIFS(Entries!$D$2:$D$500,Entries!$B$2:$B$500,"SVE",Entries!$C$2:$C$500,$A21),"") | C21: =COUNTIFS(Entries!$B$2:$B$500,"SVE",Entries!$C$2:$C$500,$A21) | D21: =IFERROR(AVERAGEIFS(Entries!$D$2:$D$500,Entries!$B$2:$B$500,"Biopile",Entries!$C$2:$C$500,$A21),"") | E21: =COUNTIFS(Entries!$B$2:$B$500,"Biopile",Entries!$C$2:$C$500,$A21)
A22: Hainan | B22: =IFERROR(AVERAGEIFS(Entries!$D$2:$D$500,Entries!$B$2:$B$500,"SVE",Entries!$C$2:$C$500,$A22),"") | C22: =COUNTIFS(Entries!$B$2:$B$500,"SVE",Entries!$C$2:$C$500,$A22) | D22: =IFERROR(AVERAGEIFS(Entries!$D$2:$D$500,Entries!$B$2:$B$500,"Biopile",Entries!$C$2:$C$500,$A22),"") | E22: =COUNTIFS(Entries!$B$2:$B$500,"Biopile",Entries!$C$2:$C$500,$A22)
A23: Hebei | B23: =IFERROR(AVERAGEIFS(Entries!$D$2:$D$500,Entries!$B$2:$B$500,"SVE",Entries!$C$2:$C$500,$A23),"") | C23: =COUNTIFS(Entries!$B$2:$B$500,"SVE",Entries!$C$2:$C$500,$A23) | D23: =IFERROR(AVERAGEIFS(Entries!$D$2:$D$500,Entries!$B$2:$B$500,"Biopile",Entries!$C$2:$C$500,$A23),"") | E23: =COUNTIFS(Entries!$B$2:$B$500,"Biopile",Entries!$C$2:$C$500,$A23)
A24: Heilongjiang | B24: =IFERROR(AVERAGEIFS(Entries!$D$2:$D$500,Entries!$B$2:$B$500,"SVE",Entries!$C$2:$C$500,$A24),"") | C24: =COUNTIFS(Entries!$B$2:$B$500,"SVE",Entries!$C$2:$C$500,$A24) | D24: =IFERROR(AVERAGEIFS(Entries!$D$2:$D$500,Entries!$B$2:$B$500,"Biopile",Entries!$C$2:$C$500,$A24),"") | E24: =COUNTIFS(Entries!$B$2:$B$500,"Biopile",Entries!$C$2:$C$500,$A24)
... A43: Zhejiang | B43: =IFERROR(AVERAGEIFS(Entries!$D$2:$D$500,Entries!$B$2:$B$500,"SVE",Entries!$C$2:$C$500,$A43),"") | C43: =COUNTIFS(Entries!$B$2:$B$500,"SVE",Entries!$C$2:$C$500,$A43) | D43: =IFERROR(AVERAGEIFS(Entries!$D$2:$D$500,Entries!$B$2:$B$500,"Biopile",Entries!$C$2:$C$500,$A43),"") | E43: =COUNTIFS(Entries!$B$2:$B$500,"Biopile",Entries!$C$2:$C$500,$A43)

Sheet Entries
A1: Group | B1: System | C1: Electricity provider (TianGong) | D1: Climate change, t CO2-eq | E1: Note | G1: How to enter
G2: One row per result: your group name, SVE or Biopile, the electricity provider you chose in the tool, and the climate change total in tonnes of CO2-eq. The Live tab updates by itself.

Sheet Lists
A1: System | B1: Electricity provider
A2: SVE | B2: China average
A3: Biopile | B3: Anhui
B4: Beijing
B5: Chongqing
B6: Fujian
B7: Gansu
B8: Guangdong
B9: Guangxi
B10: Guizhou
B11: Hainan
B12: Hebei
B13: Heilongjiang
B14: Henan
B15: Hubei
... B32: Zhejiang
